"","Estimate","Std. Error","t value","Pr(>|t|)"
"(Intercept)",1530,49.9583159577395,30.6255319193355,0.0000000014036828785901
"CenteredAge",373.333333333333,28.8434471664613,12.9434367251165,0.00000120188306918939
